{"classes":["BMW_VEHICLE","BMW_ENGINE","BMW_STR_CONFIG","BMW_AVLB_PACKAGES","BMW_ROOF_CONFIG","BMW_SALES_DESCP"],"annotations":[["I am planning to order the BMW M8 with a sunroof or panorama glass roof sky lounge, and the M Sport Package Pro on 12th September 2018. Is this configuration possible?\r",{"entities":[[31,33,"BMW_VEHICLE"],[41,48,"BMW_ROOF_CONFIG"],[52,82,"BMW_ROOF_CONFIG"],[92,111,"BMW_AVLB_PACKAGES"]]}],["Hello, is the X7 xDrive40i with left-hand drive available without a panorama glass roof and with the EU Comfort Package. I need the vehicle on the 8th of November 2024.\r",{"entities":[[14,26,"BMW_SALES_DESCP"],[32,47,"BMW_STR_CONFIG"],[68,87,"BMW_ROOF_CONFIG"],[101,120,"BMW_AVLB_PACKAGES"]]}],["I want to order a BMW iX xDrive40 with right-hand drive configuration. I will be ordering it at the start of October 2022.\r",{"entities":[[22,33,"BMW_SALES_DESCP"],[39,55,"BMW_STR_CONFIG"]]}],["Hello, is the iX xDrive50 or X7 xDrive40d available with a panorama glass roof and without the EU Comfort Package. I need the vehicle on the 8th of December 2024.\r",{"entities":[[14,25,"BMW_SALES_DESCP"],[29,41,"BMW_SALES_DESCP"],[59,78,"BMW_ROOF_CONFIG"],[95,114,"BMW_AVLB_PACKAGES"]]}],["I am planning to order the BMW 318i with a sunroof and the M Sport Package on 12th April 2018. Is this configuration possible?\r",{"entities":[[31,35,"BMW_SALES_DESCP"],[43,50,"BMW_ROOF_CONFIG"],[59,74,"BMW_AVLB_PACKAGES"]]}],["I want to order a BMW xDrive40i with N52B30 or S205A engine and right-hand drive configuration. I will be ordering it at the start of March 2022.\r",{"entities":[[22,31,"BMW_SALES_DESCP"],[37,43,"BMW_ENGINE"],[47,52,"BMW_ENGINE"],[64,80,"BMW_STR_CONFIG"]]}],["Can I buy a US E70 with ECE Engine with left hand drive configuration? I want to buy it around 15th of May 2023.\r",{"entities":[[12,18,"BMW_VEHICLE"],[24,27,"BMW_ENGINE"],[40,55,"BMW_STR_CONFIG"]]}],["Can I buy a E71 with N52B30 or ECE Engine with right hand drive configuration? I want to purchase it around 12th of july 2023.\r",{"entities":[[12,15,"BMW_VEHICLE"],[21,27,"BMW_ENGINE"],[31,34,"BMW_ENGINE"],[47,63,"BMW_STR_CONFIG"]]}],["I am planning to order the BMW 318i with N52B30O1 and the M Sport Package on 12th April 2018. Is this configuration possible? \r",{"entities":[[31,35,"BMW_SALES_DESCP"],[41,49,"BMW_ENGINE"],[58,73,"BMW_AVLB_PACKAGES"]]}],["I want to order a BMW iX xDrive40 with right-hand drive configuration. I will be ordering it at the start of October 2022.\r",{"entities":[[22,33,"BMW_SALES_DESCP"],[39,55,"BMW_STR_CONFIG"]]}],["Can I buy a US E71 without N52B30 Engine with right hand drive configuration? I want to buy it around 15th of August 2024.\r",{"entities":[[12,18,"BMW_VEHICLE"],[27,33,"BMW_ENGINE"],[46,62,"BMW_STR_CONFIG"]]}],["I am planning to buy the BMW X7 xDrive40i without N53B30O0 and the Comfort Package EU on 17th January 2023. Is this configuration possible?\r",{"entities":[[29,41,"BMW_SALES_DESCP"],[50,58,"BMW_ENGINE"],[67,85,"BMW_AVLB_PACKAGES"]]}],["I am planning to buy the iX xDrive50 without N52B30O1 with left-hand drive on 19th February 2022.\r",{"entities":[[25,36,"BMW_SALES_DESCP"],[45,53,"BMW_ENGINE"],[59,74,"BMW_STR_CONFIG"]]}],["Hello, is the X7 xDrive40d or iX xDrive50 available without a panorama glass roof or Sunroof. I need the vehicle on the 28th of June 2021.\r",{"entities":[[14,26,"BMW_SALES_DESCP"],[30,41,"BMW_SALES_DESCP"],[62,81,"BMW_ROOF_CONFIG"],[85,93,"BMW_ROOF_CONFIG"]]}],["Hello, is the N52B30 available without a Panorama Glass Roof Sky Lounge or Sunroof. I need the vehicle on the 28th of December 2023.\r",{"entities":[[14,20,"BMW_ENGINE"],[41,71,"BMW_ROOF_CONFIG"],[75,83,"BMW_ROOF_CONFIG"]]}],["Hello, is the X7 xDrive40d available without a Sunroof. I want to buy vehicle on the 28th of December 2023.\r",{"entities":[[14,26,"BMW_SALES_DESCP"],[47,55,"BMW_ROOF_CONFIG"]]}],["\r",{"entities":[]}],["\r",{"entities":[]}],["\r",{"entities":[]}],["",{"entities":[]}]]}